id,categoria,nome,desc,preco,imagem,,
1,espetos,Carne Bovina,"Mix de Carnes, Alcatra, Bananinha, Fraldinha",10.00,https://drive.google.com/file/d/1AZMEi_M-i4N1GwoMaQWh8JiIKjsrgBPs/view?usp=drive_link,,
2,espetos,Medalhão de Frango,Envolto em bacon,10.00,https://drive.google.com/file/d/1SRv2HLDW0MSHO0zwNBhjg-PJGyp5UxjY/view?usp=drive_link,,
3,espetos,Coração,Coração de frango temperado,10.00,https://drive.google.com/file/d/1ogg7byP5HjIN3cRq3c_zKODBZek-TuPZ/view?usp=drive_link,,
4,espetos,Linguiça,Linguiça,10.00,https://drive.google.com/file/d/1UR5JrBspHjIefQNFQ2wHsQkwImhD1OLK/view?usp=drive_link,,
5,espetos,Kafta com Queijo,Recheada com queijo,14.90,https://drive.google.com/file/d/1xz5vtRRInmeFHm_M07CCbpW3tOtdWKS9/view?usp=drive_link,,
6,espetos,Panceta,Panceta pururuca,10.00,https://drive.google.com/file/d/10wVKl74lLkIHree0hpf9EouUebQoS0QQ/view?usp=drive_link,,
7,espetos,Medalhão de Quiabo,Quiabo com bacon,10.00,https://drive.google.com/file/d/1lvWonaSOBfRLElTyRJfxIoBrGEyrvuIt/view?usp=drive_link,,
8,espetos,Queijo Coalho,Queijo coalho na brasa,11.90,https://drive.google.com/file/d/1_8lytzg2-z5boWXxzBAI6xOkKgktGZgQ/view?usp=drive_link,,
9,espetos,Medalhão de Queijo,Queijo com bacon,11.90,https://drive.google.com/file/d/1vBsXaqZJFiP0KAwFLrUbTiJHVIKakFRq/view?usp=drive_link,,
10,espetos,Provolone,Provolone defumado,11.90,https://drive.google.com/file/d/1tckxiVnaDj4laYdq94LivtrhvXqW3iE_/view?usp=drive_link,, 
11,espetos,Pão de Alho,Pão de alho recheado,8.50,https://drive.google.com/file/d/14T9e74PytlbVVSXJp3HF4nahfRcApNNL/view?usp=drive_link,,
12,espetos,Jantinha Completa,"Acompanha arroz, vinagrete e batata frita e um espeto do cardápio",22.90,https://drive.google.com/file/d/1Lp7jDfQzbCfmBypFOx_MIypuOdzbCT61/view?usp=drive_link,,
13,porcoes,Bolinho Tilápia com Queijo,Porção com molho especial,32.90,https://drive.google.com/file/d/1Wee0cr3UDW4Ez3RzW_2tbBH8uNokOHJk/view?usp=drive_link,,
14,porcoes,Bolinho Costela,Costela desfiada,32.90,https://drive.google.com/file/d/1Wee0cr3UDW4Ez3RzW_2tbBH8uNokOHJk/view?usp=drive_link,,
15,porcoes,Bolinho Carne Seca com Mandioca,Tradicional,32.90,https://drive.google.com/file/d/11tTbr2l2et17JLKenmcfOAr-6QFeDzL0/view?usp=drive_link,,
16,porcoes,Bolinho Mandioqueijo,Massa de mandioca com queijo,32.90,https://drive.google.com/file/d/1Wee0cr3UDW4Ez3RzW_2tbBH8uNokOHJk/view?usp=drive_link,,
17,porcoes,Coxinha Cremosa,Coxinha de frango com catupiry,32.90,https://drive.google.com/file/d/1Wee0cr3UDW4Ez3RzW_2tbBH8uNokOHJk/view?usp=drive_link,,
18,porcoes,Pérola de Queijo Canastra,Queijo canastra empanado,32.90,https://drive.google.com/file/d/1aq1FWB9pBcjiuvnv0sjpyGChjuWue14O/view?usp=drive_link,,
19,porcoes,Meia Batata,Porção menor de batata frita,16.90,https://drive.google.com/file/d/1oz7xLvrzTkpPmfEBrLCno8zG1diyk0wu/view?usp=drive_link,,
20,porcoes,Batata Frita,"Batata frita crocante, Adicionais: Bacon, Catupiry, cheddar e mussarela",26.90,https://drive.google.com/file/d/1IlawdsLSLCUEJyh_BDUSotPwv4gUo9dh/view?usp=drive_link,,
21,porcoes,Bolinho Alho Poró,Sabor marcante,32.90,https://drive.google.com/file/d/1Wee0cr3UDW4Ez3RzW_2tbBH8uNokOHJk/view?usp=drive_link,,
22,porcoes,Bolinho de Feijoada,Recheado com couve e torresmo,32.90,https://drive.google.com/file/d/1Wee0cr3UDW4Ez3RzW_2tbBH8uNokOHJk/view?usp=drive_link,,
23,porcoes,Costelinha Barbecue,Costelinha suína ao molho barbecue,64.90,https://drive.google.com/file/d/1tnyu4DDHIC9M7ujCDYjSsInJZqP2hHaD/view?usp=drive_link,,
24,porcoes,Isca de Tilápia,Filé de tilápia empanado,45.90,https://drive.google.com/file/d/10TkJ58VcTZ4QHDdEj724P3f-Cssxgyiv/view?usp=drive_link,,
25,porcoes,Isca de Frango,Frango empanado crocante,32.90,https://drive.google.com/file/d/1PQ0eiMlapRki7UBgg103HmzHsNNIBc4F/view?usp=drive_link,,
26,porcoes,Salada,Mix de folhas e legumes,16.90,https://drive.google.com/file/d/16o1Jr4vBvxDiTwwRJAeerI5AyOJvOU1U/view?usp=drive_link,,
27,porcoes,Torresmo,Torresmo de rolo sequinho,45.90,https://drive.google.com/file/d/1xofSO3llmvlHBwIyj2TjhaIGSQd_Mw4t/view?usp=drive_link,,
28,porcoes,Kibe com Queijo,Kibe recheado,32.90,https://drive.google.com/file/d/1xJ7zooaefGNCePe8To_83j4E21IRekrw/view?usp=drive_link,,
29,porcoes,Mandioca Frita Meia,Porção menor de mandioca,7.90,https://drive.google.com/file/d/1Wee0cr3UDW4Ez3RzW_2tbBH8uNokOHJk/view?usp=drive_link,,
30,porcoes,Mandioca Frita,Mandioca crocante,16.00,https://drive.google.com/file/d/1Wee0cr3UDW4Ez3RzW_2tbBH8uNokOHJk/view?usp=drive_link,,
31,porcoes,Petiscos,Variados da casa,12.90,https://drive.google.com/file/d/1y-0AcOSMwg6FDlhq3Ebx4ld1wueLKzcX/view?usp=drive_link,,
32,cervejas,Corona Zero Long Neck,Sem álcool,10.90,https://drive.google.com/file/d/1BCS30nwEy26aXBEmMxCwh5kXXdJf7UnX/view?usp=drive_link,,
33,cervejas,Skol Beats Sense 269ml,Lata 269ml,9.90,https://drive.google.com/file/d/16bV4CUDSesxF-lE0BoTtNXUUVGOPdslg/view?usp=drive_link,,
34,cervejas,Heineken Zero Long Neck,Sem álcool,8.90,https://drive.google.com/file/d/10--FOecVzIem7ywscuj6M2wPxyNmFS93/view?usp=drive_link,,
35,cervejas,Michelob Long Neck,Long neck gelada,9.90,https://drive.google.com/file/d/11blCd1Flenj5WGO8ysPCZ63k4iRl7SvG/view?usp=drive_link,,
36,cervejas,Chopp Caneca 300ml,Chopp Pilsen Palazzo,3.40,https://drive.google.com/file/d/1ZS021C_dJKbjRhsa7mK6ZYzoJc-DjKxz/view?usp=drive_link,,
37,cervejas,Stella Pure Gold,Sem glúten,9.90,https://drive.google.com/file/d/1c6EpwVhLhwAHUihJqNTZPRnVkj3LQ648/view?usp=drive_link,,
38,cervejas,Império Lager 600,Garrafa 600ml,9.90,https://drive.google.com/file/d/1NypcSwaKsnr1iq_Yp4SiB7bJ0B8wKoUT/view?usp=drive_link,,
39,cervejas,Antarctica 600ml,Garrafa 600ml,10.90,https://drive.google.com/file/d/1fJ8rwPm2xIMsHAUNOnY4M-UTJfD0SHXe/view?usp=drive_link,,
40,cervejas,Original,Garrafa 600ml,12.90,https://drive.google.com/file/d/1d6ZsABx_kogqF10fhY6992TziJ1wBSqF/view?usp=drive_link,,
41,cervejas,Heineken,Garrafa 600ml,15.90,https://drive.google.com/file/d/17kxDJeq_ZSEGVp5L1TulhA5fT2dxnU5Y/view?usp=drive_link,,
42,cervejas,Stella 600ml,Garrafa 600ml,12.90,https://drive.google.com/file/d/1SUWoEUoI74yitPfcv2HkBH6PuDpWvvpE/view?usp=drive_link,,
43,cervejas,Brahma,Garrafa 600ml,10.90,https://drive.google.com/file/d/1tYCy4IdGV10SFrUjREuISUXGkG4h7bEb/view?usp=drive_link,,
44,cervejas,Spaten 600ml,Garrafa 600ml,12.90,https://drive.google.com/file/d/1rhGnJtu-YTC-0J0-VZ31uyn4nWFjFp8y/view?usp=drive_link,,
45,cervejas,Corona Long Neck,Garrafa long neck,10.90,https://drive.google.com/file/d/1BCS30nwEy26aXBEmMxCwh5kXXdJf7UnX/view?usp=drive_link,,
46,drinks,Caipirinha de Limão com Abacaxi,Frutas frescas,19.90,https://drive.google.com/file/d/1ge4N9roJ2nOTsJ4OlqDrMV2mZeDM6GJs/view?usp=drive_link,,
47,drinks,Caipirinha de Abacaxi,Cachaça ou vodka,19.90,https://drive.google.com/file/d/1ge4N9roJ2nOTsJ4OlqDrMV2mZeDM6GJs/view?usp=drive_link,,
48,drinks,Caipirinha de Morango,Frutas frescas,19.90,https://drive.google.com/file/d/1ge4N9roJ2nOTsJ4OlqDrMV2mZeDM6GJs/view?usp=drive_link,,
49,drinks,Caipirinha de Kiwi,Frutas frescas,19.90,https://drive.google.com/file/d/1ge4N9roJ2nOTsJ4OlqDrMV2mZeDM6GJs/view?usp=drive_link,,
50,drinks,Lagoa Azul,"Curaçao Blue, vodka e H2O Limoneto",24.90,https://drive.google.com/file/d/18U4aHAnuhseqB2W_ySUVGBJeOlIluSmH/view?usp=drive_link,,
51,drinks,Gin,Gin Beefeater,24.90,https://drive.google.com/file/d/1vWPyfqOwrz_ahWn2lAx397hTB5eOjU1C/view?usp=drive_link,,
52,drinks,Campari Dose,Dose com Gelo,12.90,https://drive.google.com/file/d/18Twac2lgfOuqCajm_v4JB8I6XSr-h6v2/view?usp=drive_link,,
53,drinks,Campari com Laranja,Campari com suco natural,24.90,https://drive.google.com/file/d/1jIKKlJJJTN6VlCvk1PDNCgVmCAaZo_m-/view?usp=drive_link,,
54,drinks,Dose Nelson,Dose especial da casa,7.00,https://drive.google.com/file/d/1nhfhGlQb5mG7rUGNRLT5X1ayIgCxnlRI/view?usp=drive_link,,
55,drinks,Dose,Dose Velho Barreiro,4.99,https://drive.google.com/file/d/1nhfhGlQb5mG7rUGNRLT5X1ayIgCxnlRI/view?usp=drive_link,,
56,drinks,Dose Red Label,Whisky escocês,12.90,https://drive.google.com/file/d/1d4nEOwcubmMDHn7aazb-wARIVkrqc-Q8/view?usp=drive_link,,
57,bebidas,Coca Cola Lata,Lata 350ml,6.50,https://drive.google.com/file/d/1fIa77nK8VejMXioZW290N3WErjMFl6Tg/view?usp=drive_link,,
58,bebidas,Coca Zero Lata,Lata 350ml,6.50,https://drive.google.com/file/d/1GO0uk1MQgp-8NDXFvyTtGp0OmeOpaxWN/view?usp=drive_link,,
59,bebidas,Pepsi Lata,Lata 350ml,6.50,https://drive.google.com/file/d/1YhZHkZgmeOLdICWyTTDoEiMxHtdko-Xy/view?usp=drive_link,,
60,bebidas,Pepsi Black Lata,Lata 350ml,6.50,https://drive.google.com/file/d/1mKf-RVK8QzQZ2V_AdzZ05R7dDyUTCgvQ/view?usp=drive_link,,
61,bebidas,Guaraná Lata,Lata 350ml,6.50,https://drive.google.com/file/d/1jJSn41bLDU9hL8J9KIRCvj_IX7PXr0St/view?usp=drive_link,,
62,bebidas,Guaraná Zero,Lata 350ml,6.50,https://drive.google.com/file/d/1SOw0EItDVkLQRy1fOc1Zbryjhtd_4nhA/view?usp=drive_link,,
63,bebidas,Água,Sem gás 500ml,3.90,https://drive.google.com/file/d/1yKb6ogUDgxmwg_UHSSs_ZO974GMI5n_8/view?usp=drive_link,,
64,bebidas,Água com Gás,Garrafa 500ml,5.00,https://drive.google.com/file/d/1lod31q1PZMDpv3E6Y7MdFl09MgUuasz7/view?usp=drive_link,,
65,bebidas,Suco Copo,Copo 300ml,8.90,https://drive.google.com/file/d/1-ysm4u606TMRjLdu_AVx09702cMlfteD/view?usp=drive_link,,
66,bebidas,Suco Jarra,Jarra 1 Litro,17.90,https://drive.google.com/file/d/1hiCkiakR5S8iWYWo-dJ18PB0VXxDtVDn/view?usp=drive_link,,
67,bebidas,Redbull Zero 250 ml,Lata 250ml,12.00,https://drive.google.com/file/d/1_fKROaCSzDQqiwoTfjFy-uUkoXqcReqy/view?usp=drive_link,,
68,bebidas,Limoneto H2O,Garrafa 500ml,8.00,https://drive.google.com/file/d/13DzpYAE9gheZ2iWxEwVQ3kdRq9KT1rFP/view?usp=drive_link,,
69,bebidas,Água Tônica,Lata 350ml,6.50,https://drive.google.com/file/d/1a7JrTVE6k4IUYbz6t0gP8RYEfqr5th9g/view?usp=drive_link,,
70,bebidas,Redbull 250ml,Lata 250ml,12.00,https://drive.google.com/file/d/11E_Oo_Yj3OlzZiMUDfJvv_7lRicHRXHO/view?usp=drive_link,,
71,bebidas,Gatorade Sabores,"Morango & Maracujá, Uva, Limão e Berry Blue",8.00,https://drive.google.com/file/d/14wAKYP-K1Te8Ru4EIrR8fAAr7THmzE-b/view?usp=drive_link,,
72,diversos,Amendoim,Sabores AmendoAlho & AmendoLemon,4.99,https://drive.google.com/file/d/14wAKYP-K1Te8Ru4EIrR8fAAr7THmzE-b/view?usp=drive_link,,
73,diversos,Barra de Proteína,"Ovomaltine, Snickers, Coco,",10.00,https://drive.google.com/file/d/14wAKYP-K1Te8Ru4EIrR8fAAr7THmzE-b/view?usp=drive_link,,
74,diversos,Trident,Menta e Hortelâ,3.00,https://drive.google.com/file/d/14wAKYP-K1Te8Ru4EIrR8fAAr7THmzE-b/view?usp=drive_link,,
75,diversos,Gelo,Saco adicional,2.00,https://drive.google.com/file/d/14wAKYP-K1Te8Ru4EIrR8fAAr7THmzE-b/view?usp=drive_link,,
76,diversos,CDB,"Limão, Sal e Gelo",4.50,https://drive.google.com/file/d/14wAKYP-K1Te8Ru4EIrR8fAAr7THmzE-b/view?usp=drive_link,,
77,diversos,Cigarro Paulistinha,Sabores Tradicional & Menta,3.00,https://drive.google.com/file/d/14wAKYP-K1Te8Ru4EIrR8fAAr7THmzE-b/view?usp=drive_link,,
78,diversos,Halls,Unidade,3.00,https://drive.google.com/file/d/14wAKYP-K1Te8Ru4EIrR8fAAr7THmzE-b/view?usp=drive_link,,
79,diversos,Halls,Unidade,3.00,https://drive.google.com/file/d/14wAKYP-K1Te8Ru4EIrR8fAAr7THmzE-b/view?usp=drive_link,,